{"status": "started", "_timestamp": 1740639500.220299, "_runtime": 3.2087209224700928, "_step": 1, "training_complete": false, "_wandb": {"runtime": 2}}