{"train/loss": 2.7717, "train/grad_norm": 1.282055377960205, "train/learning_rate": 0.0, "train/epoch": 8.395061728395062, "train/global_step": 50, "_timestamp": 1740640773.691432, "_runtime": 894.7396080493927, "_step": 5, "train_runtime": 892.972, "train_samples_per_second": 0.907, "train_steps_per_second": 0.056, "total_flos": 5506150422282240.0, "train_loss": 3.0154264831542967, "_wandb": {"runtime": 894}}