{"test_metric": 18, "accuracy": 0.95, "loss": 0.09999999999999998, "_timestamp": 1740638122.0872178, "_runtime": 0.5275497436523438, "_step": 9, "_wandb": {"runtime": 0}}