{"training_time_hours": 0.008472778929604425, "heartbeat": true, "_timestamp": 1740639281.7014542, "_runtime": 31.084299087524414, "_step": 0, "_wandb": {"runtime": 51}}