{"status": "failed", "_timestamp": 1740698498.526384, "_runtime": 5.404828071594238, "_step": 2, "training_complete": 0, "_wandb": {"runtime": 4}}