{"status": "started", "_timestamp": 1740639254.4611971, "_runtime": 0.6146690845489502, "_step": 0, "_wandb": {"runtime": 39}}