{"status": "failed", "_timestamp": 1740698732.0436742, "_runtime": 4.508185148239136, "_step": 2, "training_complete": 0, "_wandb": {"runtime": 4}}