{"status": "started", "_timestamp": 1740639152.471252, "_runtime": 0.5765969753265381, "_step": 0, "_wandb": {"runtime": 2}}